{
    "name": "16350dbcf73c",
    "displayName": "Code",
    "dependencies": [],
    "options": {
        "lib_dir": "libs",
        "self_contained": "off",
        "highlight": "tango",
        "toc_float": "on",
        "smooth_scroll": "on",
        "mathjax": "off",
        "slide-font-family": "noto",
        "slide-font-size": "medium",
        "slide-font-weight": "normal",
        "slide-highlightLanguage": "r"
    },
    "timestamp": "2018-01-11T20:20:25.023Z",
    "refreshedTimestamp": "2018-01-11T20:20:12.191Z",
    "updatedBy": "2018-01-11T20:20:12.191Z",
    "title": "",
    "desc": "",
    "publishSizeOption": null,
    "privateShare": true,
    "vizMetadataCache": {},
    "useSpellCheck": false,
    "_isSlide": false,
    "_isDashboard": false,
    "_tags": null,
    "_shareMarkdownSource": true,
    "_lastCursorPosition": null,
    "_lastSelectedDataFrame": null,
    "_vizInfo": null
}