{
    "name": "shipping_a9f99a981fab",
    "displayName": "Mutate",
    "type": "MUTATE",
    "dependencies": [
        {
            "type": "dataframe",
            "id": "shipping_48661537090b"
        }
    ],
    "belongsTo": {
        "type": "dataframe",
        "id": "shipping"
    },
    "props": {},
    "transform": {
        "type": "",
        "props": {},
        "script": "mutate(`Mean tonnage` = round(`Mean tonnage`, digits = 2))",
        "command": {
            "name": "mutate",
            "mutations": [
                {
                    "columnSelectorType": "overwrite",
                    "column": {
                        "name": "`Mean tonnage`"
                    },
                    "expression": "round(`Mean tonnage`, digits = 2)",
                    "mutationType": "custom"
                }
            ]
        }
    },
    "timestamp": "2018-01-07T22:26:29.907Z"
}