{
    "name": "shipping_b4012714e5c1",
    "displayName": "Mutate",
    "type": "MUTATE",
    "dependencies": [
        {
            "type": "dataframe",
            "id": "shipping_a9f99a981fab"
        }
    ],
    "belongsTo": {
        "type": "dataframe",
        "id": "shipping"
    },
    "props": {},
    "transform": {
        "type": "",
        "props": {},
        "script": "mutate(`Country code` = case_when(\n    Country == 'Denmark' ~ 'DK',\n    Country == 'Norway' ~ 'NO',\n    Country == 'Sweden' ~ 'SE'\n    ))",
        "command": {
            "name": "mutate",
            "mutations": [
                {
                    "columnSelectorType": "newColumn",
                    "newColumnName": "Country code",
                    "expression": "case_when(\n    Country == 'Denmark' ~ 'DK',\n    Country == 'Norway' ~ 'NO',\n    Country == 'Sweden' ~ 'SE'\n    )",
                    "mutationType": "custom"
                }
            ]
        }
    },
    "timestamp": "2018-01-07T23:00:00.770Z",
    "filename": "shipping_b4012714e5c1.json"
}