{
    "name": "shipping_eea968109ba1",
    "displayName": "Rename",
    "type": "RENAME",
    "dependencies": [
        {
            "type": "dataframe",
            "id": "shipping_Source1"
        }
    ],
    "belongsTo": {
        "type": "dataframe",
        "id": "shipping"
    },
    "props": {},
    "transform": {
        "type": "",
        "props": {},
        "script": "rename(Country = country)",
        "command": {
            "name": "rename",
            "renames": [
                {
                    "columnName": "Country",
                    "column": {
                        "name": "country"
                    }
                }
            ]
        }
    },
    "timestamp": "2018-01-11T20:23:10.885Z",
    "filename": "shipping_eea968109ba1.json"
}