{
    "name": "shipping_6da9d13a2052",
    "displayName": "Filter",
    "type": "FILTER",
    "dependencies": [
        {
            "type": "dataframe",
            "id": "shipping_b9d1878f1d4c"
        }
    ],
    "belongsTo": {
        "type": "dataframe",
        "id": "shipping"
    },
    "props": {},
    "transform": {
        "type": "",
        "props": {},
        "script": "filter(Country %in% c(\"Denmark\", \"Norway\", \"Sweden\"))",
        "command": {
            "name": "filter",
            "conditions": [
                {
                    "formType": "column",
                    "column": {
                        "name": "Country",
                        "type": "character"
                    },
                    "operator": "in",
                    "val": "Denmark",
                    "vals": [
                        "Denmark",
                        "Norway",
                        "Sweden"
                    ]
                }
            ]
        }
    },
    "timestamp": "2018-01-07T22:57:03.046Z",
    "filename": "shipping_6da9d13a2052.json"
}