{
    "name": "shipping_cf22cd70032e",
    "displayName": "Group by",
    "type": "GROUP_BY",
    "dependencies": [
        {
            "type": "dataframe",
            "id": "shipping_6da9d13a2052"
        }
    ],
    "belongsTo": {
        "type": "dataframe",
        "id": "shipping"
    },
    "props": {},
    "transform": {
        "type": "",
        "props": {},
        "script": "group_by(Country)",
        "command": {
            "name": "group_by",
            "columns": [
                {
                    "columnName": "Country",
                    "mutationType": "custom",
                    "columnSelectorType": "newColumn",
                    "newColumnName": "new_column"
                }
            ]
        }
    },
    "timestamp": "2018-01-07T22:57:13.114Z",
    "filename": "shipping_cf22cd70032e.json"
}