{
    "name": "shipping_b9d1878f1d4c",
    "displayName": "Gather",
    "type": "GATHER",
    "dependencies": [
        {
            "type": "dataframe",
            "id": "shipping_eea968109ba1"
        }
    ],
    "belongsTo": {
        "type": "dataframe",
        "id": "shipping"
    },
    "props": {},
    "transform": {
        "type": "",
        "props": {},
        "script": "gather(Year, Tons, which(sapply(., is.numeric)), na.rm = TRUE, convert = TRUE)",
        "command": {
            "name": "gather",
            "selectType": "selectColumns",
            "columnSelectionType": "all_numeric",
            "removeNA": "TRUE",
            "convert": "TRUE",
            "keyColumnName": "Year",
            "valueColumnName": "Tons"
        }
    },
    "timestamp": "2017-11-19T13:38:18.358Z",
    "filename": "shipping_b9d1878f1d4c.json"
}