{
    "name": "shipping_48661537090b",
    "displayName": "Summarize",
    "type": "SUMMARIZE",
    "dependencies": [
        {
            "type": "dataframe",
            "id": "shipping_cf22cd70032e"
        }
    ],
    "belongsTo": {
        "type": "dataframe",
        "id": "shipping"
    },
    "props": {},
    "transform": {
        "type": "",
        "props": {},
        "script": "summarize(`Mean tonnage` = mean(Tons, na.rm = TRUE))",
        "command": {
            "name": "summarize",
            "summaries": [
                {
                    "formType": "column",
                    "newColumnName": "Mean tonnage",
                    "column": {
                        "name": "Tons",
                        "type": "numeric"
                    },
                    "aggregateFunction": "mean"
                }
            ]
        }
    },
    "timestamp": "2018-01-07T22:26:11.981Z",
    "filename": "shipping_48661537090b.json"
}