{
    "name": "shipping_Source1",
    "displayName": "Source",
    "type": "SOURCE",
    "dependencies": [],
    "belongsTo": {
        "type": "dataframe",
        "id": "shipping"
    },
    "props": {},
    "transform": {
        "type": "local_csv",
        "props": {
            "data": "http://people.terry.uga.edu/rwatson/data/shipping.csv",
            "columnSelectState": {
                "1999": true,
                "2000": true,
                "2001": true,
                "2002": true,
                "2003": true,
                "2004": true,
                "2005": true,
                "2006": true,
                "2007": true,
                "2008": true,
                "2009": true,
                "2010": true,
                "2011": true,
                "2012": true,
                "2013": true,
                "country": true
            },
            "timestamp": "2017-11-19T13:37:26.583Z",
            "heading": "TRUE",
            "sep": ",",
            "customSep": "",
            "decimal": ".",
            "group": "",
            "quote": "\"",
            "skipNrows": "0",
            "comment": "",
            "nastring": "NA",
            "numOfPreviewRows": "50",
            "encoding": "UTF-8",
            "trimWs": "FALSE",
            "colTypes": "",
            "__guessedEncoding": "UTF-8"
        },
        "script": "exploratory::read_delim_file(\"http://people.terry.uga.edu/rwatson/data/shipping.csv\" , \",\", quote = \"\\\"\", skip = 0 , col_names = TRUE , na = c('','NA') , locale=readr::locale(encoding = \"UTF-8\", decimal_mark = \".\"), trim_ws = FALSE , progress = FALSE)"
    },
    "timestamp": "2017-11-19T13:37:26.428Z"
}